cod_ibge;integrado_snt
3500105;SIM
3500204;SIM
3500303;SIM
3500709;SIM
3500758;NÃO
3500808;NÃO
3500907;SIM
3501004;SIM
3501103;NÃO
3501152;SIM
3501509;NÃO
3501608;SIM
3501905;SIM
3501707;SIM
3501806;SIM
3502002;SIM
3502101;SIM
3502200;SIM
3502309;NÃO
3502408;NÃO
3502507;SIM
3502606;SIM
3502705;SIM
3503000;SIM
3503109;SIM
3503158;NÃO
3503208;SIM
3503307;SIM
3502754;SIM
3502804;SIM
3502903;SIM
3503356;SIM
3503406;SIM
3503505;NÃO
3503604;NÃO
3503703;NÃO
3503802;SIM
3503901;SIM
3503950;SIM
3504008;SIM
3504107;SIM
3504206;NÃO
3504404;NÃO
3504503;SIM
3504305;SIM
3504602;SIM
3504701;NÃO
3504909;SIM
3505104;NÃO
3505203;SIM
3505302;SIM
3505351;NÃO
3505401;SIM
3505500;SIM
3505609;NÃO
3505708;SIM
3505005;NÃO
3505807;SIM
3505906;SIM
3506003;SIM
3506102;SIM
3506201;NÃO
3506300;SIM
3506359;SIM
3506409;NÃO
3506508;SIM
3506607;SIM
3506706;SIM
3506805;SIM
3506904;NÃO
3507001;SIM
3507100;SIM
3507159;NÃO
3507308;NÃO
3507407;SIM
3507456;NÃO
3507209;NÃO
3507506;SIM
3507605;SIM
3507704;NÃO
3507753;NÃO
3507803;SIM
3507902;SIM
3508009;SIM
3508108;SIM
3508207;SIM
3504800;NÃO
3508405;SIM
3508306;NÃO
3508603;SIM
3508702;NÃO
3508801;SIM
3508900;SIM
3509007;SIM
3509106;NÃO
3509205;SIM
3509254;SIM
3509304;SIM
3509403;SIM
3509452;SIM
3509502;SIM
3509601;SIM
3509809;NÃO
3509700;SIM
3509908;SIM
3509957;NÃO
3510153;NÃO
3510302;SIM
3510401;SIM
3510203;SIM
3510500;SIM
3510609;SIM
3510708;NÃO
3510807;SIM
3511003;NÃO
3511102;SIM
3511201;NÃO
3508504;SIM
3511300;SIM
3511409;SIM
3511508;SIM
3511607;SIM
3511706;SIM
3557204;NÃO
3511904;SIM
3512001;SIM
3512100;SIM
3512209;SIM
3512308;SIM
3512407;SIM
3512506;NÃO
3512605;NÃO
3512704;NÃO
3512902;SIM
3512803;SIM
3513009;SIM
3513108;SIM
3513207;SIM
3513405;SIM
3513306;NÃO
3513504;SIM
3513603;SIM
3510906;NÃO
3510005;SIM
3510104;NÃO
3513702;NÃO
3513801;SIM
3513850;SIM
3513900;NÃO
3514007;SIM
3514106;SIM
3514205;SIM
3514304;SIM
3514403;SIM
3514502;NÃO
3514601;SIM
3514700;NÃO
3514809;SIM
3514908;NÃO
3514924;NÃO
3514957;NÃO
3515004;SIM
3515103;SIM
3515129;NÃO
3515152;SIM
3515186;SIM
3515194;SIM
3557303;SIM
3515202;SIM
3515301;NÃO
3515350;NÃO
3515400;SIM
3515608;NÃO
3515509;SIM
3515657;NÃO
3515707;SIM
3515806;NÃO
3515905;NÃO
3516101;SIM
3516002;NÃO
3516200;SIM
3516309;SIM
3516408;SIM
3516507;NÃO
3516705;SIM
3516804;SIM
3516853;SIM
3516903;NÃO
3517000;NÃO
3517109;SIM
3517307;SIM
3517208;NÃO
3517604;SIM
3517505;SIM
3517901;NÃO
3518008;SIM
3518107;NÃO
3518206;SIM
3518305;SIM
3518404;SIM
3517802;SIM
3518503;SIM
3518602;SIM
3518701;SIM
3518800;SIM
3517703;SIM
3518859;NÃO
3517406;SIM
3518909;NÃO
3516606;NÃO
3519006;SIM
3519055;SIM
3519071;SIM
3519105;NÃO
3519204;SIM
3519253;NÃO
3519303;SIM
3519501;NÃO
3519402;SIM
3519600;SIM
3519709;SIM
3519808;SIM
3519907;SIM
3520103;SIM
3520202;SIM
3520004;SIM
3520301;SIM
3520426;SIM
3520442;SIM
3520400;SIM
3520509;SIM
3520608;NÃO
3520707;SIM
3520806;SIM
3520905;SIM
3521002;SIM
3521101;NÃO
3521150;SIM
3521200;NÃO
3521309;SIM
3521408;SIM
3521606;SIM
3521507;NÃO
3521705;SIM
3521903;NÃO
3522000;NÃO
3522109;SIM
3522158;NÃO
3522208;SIM
3522307;SIM
3522406;SIM
3522505;SIM
3522604;SIM
3522653;NÃO
3522802;SIM
3523008;NÃO
3522901;NÃO
3523107;SIM
3523206;SIM
3523305;SIM
3523404;SIM
3523503;SIM
3521804;SIM
3523602;SIM
3523701;SIM
3523800;SIM
3523909;SIM
3524006;SIM
3524105;SIM
3522703;SIM
3524204;SIM
3524303;SIM
3524402;SIM
3524501;SIM
3524600;SIM
3524709;SIM
3524808;SIM
3524907;NÃO
3525003;SIM
3525102;SIM
3525201;SIM
3525300;SIM
3525409;SIM
3525508;NÃO
3525706;SIM
3525607;NÃO
3525854;NÃO
3525904;SIM
3526001;SIM
3526209;SIM
3526100;SIM
3525805;NÃO
3526308;NÃO
3526407;SIM
3526605;NÃO
3526506;NÃO
3526704;SIM
3526803;SIM
3526902;SIM
3527009;SIM
3527108;SIM
3527207;SIM
3527256;SIM
3527306;SIM
3527504;NÃO
3527405;SIM
3527702;SIM
3527801;NÃO
3527900;NÃO
3527603;SIM
3528007;NÃO
3528106;SIM
3528205;SIM
3528304;SIM
3528403;SIM
3528502;SIM
3528601;NÃO
3528700;NÃO
3528809;NÃO
3528858;SIM
3529104;NÃO
3528908;SIM
3529203;SIM
3529005;SIM
3529302;SIM
3529401;SIM
3529500;NÃO
3529609;SIM
3529658;SIM
3529708;SIM
3529807;NÃO
3530003;SIM
3529906;SIM
3530102;SIM
3530201;NÃO
3530300;SIM
3530409;SIM
3530508;SIM
3530706;SIM
3530805;SIM
3530607;SIM
3530904;NÃO
3531100;SIM
3531209;SIM
3531308;SIM
3531407;SIM
3531506;SIM
3531605;NÃO
3531803;SIM
3531704;NÃO
3531001;SIM
3531902;SIM
3532009;SIM
3532058;NÃO
3532108;NÃO
3532157;NÃO
3532207;NÃO
3532306;SIM
3532405;SIM
3532504;NÃO
3532603;SIM
3532702;SIM
3532801;NÃO
3532827;SIM
3532843;SIM
3532868;SIM
3532900;SIM
3533007;SIM
3533106;NÃO
3533205;NÃO
3533304;SIM
3533403;SIM
3533254;NÃO
3533502;SIM
3533601;NÃO
3533700;NÃO
3533908;SIM
3534005;NÃO
3534104;NÃO
3534203;SIM
3534302;SIM
3534401;SIM
3534500;NÃO
3534609;SIM
3534708;SIM
3534807;NÃO
3534757;SIM
3534906;NÃO
3535002;SIM
3535101;SIM
3535200;SIM
3535309;NÃO
3535408;SIM
3535507;SIM
3535606;SIM
3535804;SIM
3535903;NÃO
3536000;SIM
3535705;SIM
3536109;SIM
3536208;SIM
3536257;SIM
3536307;SIM
3536406;SIM
3536570;NÃO
3536604;SIM
3536505;SIM
3536703;SIM
3536802;NÃO
3536901;SIM
3537008;SIM
3537107;SIM
3537156;NÃO
3537206;SIM
3537305;SIM
3537404;SIM
3537503;NÃO
3537602;SIM
3537701;NÃO
3537800;SIM
3537909;SIM
3538006;SIM
3538105;SIM
3538204;SIM
3538303;NÃO
3538501;SIM
3538600;SIM
3538709;SIM
3538808;SIM
3538907;SIM
3539004;NÃO
3539103;SIM
3539202;SIM
3539301;SIM
3539400;NÃO
3539509;SIM
3539608;SIM
3539707;NÃO
3539905;SIM
3540002;NÃO
3540101;NÃO
3540200;SIM
3540259;SIM
3540309;SIM
3540408;SIM
3540507;SIM
3540606;SIM
3540705;SIM
3540754;SIM
3540804;SIM
3539806;SIM
3540853;SIM
3540903;SIM
3541000;SIM
3541059;NÃO
3541109;NÃO
3541208;SIM
3541307;SIM
3541406;SIM
3541505;SIM
3541604;SIM
3541653;NÃO
3541703;SIM
3541802;NÃO
3541901;SIM
3542008;NÃO
3542107;SIM
3542206;SIM
3542305;NÃO
3542404;NÃO
3542503;NÃO
3542602;SIM
3542701;NÃO
3542800;NÃO
3542909;NÃO
3543006;SIM
3543105;NÃO
3543253;SIM
3543303;SIM
3543402;SIM
3543204;NÃO
3543238;NÃO
3543600;SIM
3543709;NÃO
3543808;SIM
3543907;SIM
3544103;SIM
3544004;SIM
3544202;SIM
3543501;SIM
3544251;SIM
3544301;NÃO
3544509;SIM
3544400;NÃO
3544608;NÃO
3544707;SIM
3544806;NÃO
3544905;NÃO
3545001;SIM
3545100;NÃO
3545159;SIM
3545209;SIM
3545407;NÃO
3545308;SIM
3545506;NÃO
3545605;NÃO
3545704;NÃO
3546009;SIM
3545803;SIM
3546108;SIM
3546207;SIM
3546256;NÃO
3546306;SIM
3546405;SIM
3546504;SIM
3546603;SIM
3546702;SIM
3546801;SIM
3546900;NÃO
3547007;NÃO
3547106;NÃO
3547403;NÃO
3547502;SIM
3547601;SIM
3547650;SIM
3547205;NÃO
3547304;SIM
3547700;SIM
3547809;SIM
3547908;NÃO
3548005;SIM
3548054;NÃO
3548104;SIM
3548203;SIM
3548302;NÃO
3548500;SIM
3548401;NÃO
3551108;SIM
3551207;NÃO
3551306;SIM
3551405;NÃO
3551603;SIM
3551504;SIM
3551702;SIM
3551801;SIM
3551900;SIM
3552007;SIM
3552106;SIM
3552205;SIM
3552304;SIM
3552403;SIM
3552502;SIM
3552551;SIM
3548609;NÃO
3548708;SIM
3548807;SIM
3548906;SIM
3549003;NÃO
3549409;SIM
3549508;NÃO
3549607;NÃO
3549706;SIM
3549805;SIM
3549904;SIM
3549102;SIM
3549201;SIM
3549250;SIM
3549300;NÃO
3549953;SIM
3550001;SIM
3550100;SIM
3550209;SIM
3550308;SIM
3550407;SIM
3550506;NÃO
3550605;SIM
3550704;SIM
3550803;NÃO
3550902;SIM
3551009;SIM
3552601;SIM
3552700;NÃO
3552809;SIM
3552908;SIM
3553005;SIM
3553104;NÃO
3553203;NÃO
3553302;SIM
3553401;SIM
3553609;NÃO
3553500;SIM
3553658;NÃO
3553708;SIM
3553807;SIM
3553856;SIM
3553906;NÃO
3553955;SIM
3554003;SIM
3554102;SIM
3554201;NÃO
3554300;SIM
3554409;SIM
3554508;SIM
3554607;NÃO
3554656;SIM
3554706;SIM
3554755;NÃO
3554805;SIM
3554904;SIM
3554953;NÃO
3555109;SIM
3555000;SIM
3555208;NÃO
3555307;SIM
3555356;NÃO
3555406;SIM
3555505;NÃO
3555604;SIM
3555703;SIM
3555901;NÃO
3556008;SIM
3555802;SIM
3556107;NÃO
3556206;SIM
3556305;SIM
3556354;SIM
3556453;SIM
3556404;SIM
3556602;NÃO
3556701;SIM
3556800;SIM
3556909;SIM
3556958;SIM
3557006;SIM
3557105;SIM
3556503;SIM
3557154;NÃO
3500402;SIM
3500501;SIM
3500550;SIM
3500600;SIM
3501202;SIM
3501301;NÃO
3501400;NÃO
3533809;SIM
